Architecture,Seed,True Action SG,Shuffled Action SG,Constant Action SG,Blind SG,Oracle SG,Oracle Gap,Cosine,Mean-Centered Cosine,MSE
linear,42,-0.07499999999999996,-0.07499999999999996,-0.04999999999999993,-0.08750000000000002,-0.03749999999999998,0.03749999999999998,0.8916218936443329,0.3248457968235015,0.7587254464626312
linear,43,-0.08750000000000002,-0.07499999999999996,-0.03749999999999998,-0.04999999999999993,-0.03749999999999998,0.050000000000000044,0.8925475746393203,0.325771477818489,0.751734958589077
linear,44,-0.09999999999999998,-0.07499999999999996,-0.03749999999999998,-0.0625,-0.03749999999999998,0.0625,0.8923281311988831,0.3255520343780518,0.7554293960332871
mlp,42,-0.0625,-0.07499999999999996,-0.025000000000000022,-0.04999999999999993,-0.03749999999999998,0.025000000000000022,0.893628278374672,0.3268521815538406,0.7347443625330925
mlp,43,-0.03749999999999998,-0.03749999999999998,-0.012499999999999956,-0.03749999999999998,-0.03749999999999998,0.0,0.8923725098371506,0.3255964130163192,0.7475928485393524
mlp,44,-0.07499999999999996,-0.07499999999999996,-0.04999999999999993,-0.03749999999999998,-0.03749999999999998,0.03749999999999998,0.892347127199173,0.3255710303783417,0.7441744327545166
transformer,42,0.0,-0.025000000000000022,-0.025000000000000022,-0.03749999999999998,-0.03749999999999998,-0.03749999999999998,0.8945990145206452,0.3278229176998138,0.7374177813529968
transformer,43,0.012500000000000067,-0.012499999999999956,-0.025000000000000022,-0.04999999999999993,-0.03749999999999998,-0.050000000000000044,0.8945491135120391,0.3277730166912078,0.7363465994596481
transformer,44,0.0,0.0,-0.025000000000000022,-0.025000000000000022,-0.03749999999999998,-0.03749999999999998,0.8950793504714966,0.3283032536506652,0.7326967597007752
