Architecture,Seed,Semantic Gain,Oracle Gap,Cosine,MSE
linear,42,-0.07499999999999996,0.11508000000000002,0.8916219413280487,0.75872553139925
linear,43,-0.08750000000000002,0.11111100000000002,0.8925475031137466,0.7517350748181343
linear,44,-0.09999999999999998,0.11904799999999999,0.8923284560441971,0.7554270699620247
mlp,42,-0.0625,0.09920600000000002,0.8936283409595489,0.7347442373633385
mlp,43,-0.08750000000000002,0.10714299999999999,0.8920401424169541,0.7458958730101586
mlp,44,-0.07499999999999996,0.09920600000000002,0.8923472166061401,0.7441744193434715
transformer,42,0.0,0.09126999999999996,0.8908125817775726,0.7585051104426384
transformer,43,0.0,0.05952400000000002,0.8946233868598938,0.7357936844229698
transformer,44,-0.025000000000000022,0.08730199999999999,0.893699124455452,0.7380437552928925
